"STATEUT","DISTRICT","Year","Rape","Kidnapping","DowryDeaths","Assault","Modesty","FamilyCruelty","Importation"
"ANDHRA PRADESH","ADILABAD",2012,88,61,7,90,155,498,0
"ANDHRA PRADESH","ANANTAPUR",2012,18,63,19,195,8,130,0
"ANDHRA PRADESH","CHITTOOR",2012,28,49,33,90,269,339,0
"ANDHRA PRADESH","CUDDAPAH",2012,26,44,13,217,37,120,0
"ANDHRA PRADESH","CYBERABAD",2012,75,102,45,183,282,976,0
"ANDHRA PRADESH","EAST GODAVARI",2012,71,40,17,248,160,536,0
"ANDHRA PRADESH","GUNTAKAL RLY.",2012,1,0,1,1,1,2,0
"ANDHRA PRADESH","GUNTUR",2012,23,53,21,252,83,656,0
"ANDHRA PRADESH","GUNTUR URBAN",2012,24,32,9,84,83,687,0
"ANDHRA PRADESH","HYDERABAD CITY",2012,74,31,23,145,141,1339,0
"ANDHRA PRADESH","KARIMNAGAR",2012,40,98,46,224,232,759,0
"ANDHRA PRADESH","KHAMMAM",2012,78,62,13,233,172,231,0
"ANDHRA PRADESH","KRISHNA",2012,67,55,16,341,309,791,0
"ANDHRA PRADESH","KURNOOL",2012,22,46,15,331,75,166,0
"ANDHRA PRADESH","MAHBUBNAGAR",2012,56,70,27,154,45,204,0
"ANDHRA PRADESH","MEDAK",2012,26,45,20,112,55,475,0
"ANDHRA PRADESH","NALGONDA",2012,52,79,20,246,264,302,0
"ANDHRA PRADESH","NELLORE",2012,23,72,9,210,142,405,0
"ANDHRA PRADESH","NIZAMABAD",2012,35,23,19,100,102,596,0
"ANDHRA PRADESH","PRAKASAM",2012,37,69,16,213,47,263,0
"ANDHRA PRADESH","RAJAHMUNDRY",2012,13,5,3,49,35,183,0
"ANDHRA PRADESH","RANGAREDDI",2012,27,21,16,58,31,152,0
"ANDHRA PRADESH","SECUNDERABAD RLY.",2012,2,0,0,5,5,0,0
"ANDHRA PRADESH","SRIKAKULAM",2012,39,18,3,116,69,312,0
"ANDHRA PRADESH","TIRUPATHI URBAN",2012,12,14,6,21,11,96,0
"ANDHRA PRADESH","VIJAYAWADA CITY",2012,47,39,16,223,418,1136,0
"ANDHRA PRADESH","VIJAYAWADA RLY.",2012,0,3,0,5,6,1,0
"ANDHRA PRADESH","VISAKHA RURAL",2012,27,13,9,67,20,134,0
"ANDHRA PRADESH","VISHAKHAPATNAM",2012,50,20,11,23,11,412,0
"ANDHRA PRADESH","VIZIANAGARAM",2012,44,20,3,96,103,363,0
"ANDHRA PRADESH","WARANGAL",2012,56,58,20,117,34,101,0
"ANDHRA PRADESH","WARANGAL URBAN",2012,30,39,9,71,74,267,0
"ANDHRA PRADESH","WEST GODAVARI",2012,130,59,19,296,235,757,0
"ANDHRA PRADESH","TOTAL",2012,1341,1403,504,4816,3714,13389,0
"ARUNACHAL PRADESH","ANJAW",2012,0,1,0,0,0,0,0
"ARUNACHAL PRADESH","CHANGLANG",2012,6,7,1,5,0,4,0
"ARUNACHAL PRADESH","LOWER DIBANG VALLEY",2012,2,4,0,2,0,1,0
"ARUNACHAL PRADESH","KURUNG KUMEY",2012,2,1,0,1,0,0,0
"ARUNACHAL PRADESH","EAST KAMENG",2012,6,2,0,1,0,0,0
"ARUNACHAL PRADESH","WEST KAMENG",2012,0,1,0,1,0,2,0
"ARUNACHAL PRADESH","LOHIT",2012,3,5,0,11,0,2,0
"ARUNACHAL PRADESH","PAPUM PARE",2012,7,15,0,8,2,3,0
"ARUNACHAL PRADESH","RURAL",2012,6,3,0,8,0,1,0
"ARUNACHAL PRADESH","EAST SIANG",2012,6,0,0,4,0,1,0
"ARUNACHAL PRADESH","UPPER SIANG",2012,1,3,0,0,0,3,0
"ARUNACHAL PRADESH","WEST SIANG",2012,2,4,0,6,0,7,0
"ARUNACHAL PRADESH","LOWER SUBANSIRI",2012,0,2,0,5,0,2,0
"ARUNACHAL PRADESH","UPPER SUBANSIRI",2012,4,4,0,11,0,0,0
"ARUNACHAL PRADESH","TAWANG",2012,0,0,0,1,0,0,0
"ARUNACHAL PRADESH","TIRAP",2012,1,6,0,2,0,0,0
"ARUNACHAL PRADESH","UPPER DIBANG VALLEY",2012,0,0,0,1,0,0,0
"ARUNACHAL PRADESH","TOTAL",2012,46,58,1,67,2,26,0
"ASSAM","BAKSA",2012,33,50,3,4,0,15,0
"ASSAM","BARPETA",2012,98,224,5,67,0,638,0
"ASSAM","BIEO",2012,0,0,0,0,0,0,0
"ASSAM","BONGAIGAON",2012,50,59,6,15,0,169,0
"ASSAM","C.I.D.",2012,4,1,0,0,0,0,0
"ASSAM","CACHAR",2012,94,163,19,11,0,551,0
"ASSAM","CHIRANG",2012,24,30,0,11,0,78,0
"ASSAM","DARRANG",2012,88,168,9,246,0,387,0
"ASSAM","DHEMAJI",2012,74,61,2,17,0,82,0
"ASSAM","DHUBURI",2012,159,305,13,218,1,729,0
"ASSAM","DIBRUGARH",2012,50,75,0,138,0,316,0
"ASSAM","G.R.P.",2012,3,3,2,3,1,10,0
"ASSAM","GOALPARA",2012,65,68,3,97,0,323,0
"ASSAM","GOLAGHAT",2012,60,154,1,72,0,226,0
"ASSAM","GUWAHATI CITY",2012,78,326,9,90,0,237,0
"ASSAM","HAILAKANDI",2012,56,65,6,52,0,125,0
"ASSAM","HAMREN",2012,3,12,0,2,0,3,0
"ASSAM","JORHAT",2012,42,95,1,53,0,254,0
"ASSAM","KAMRUP",2012,54,107,5,70,0,172,0
"ASSAM","KARBI ANGLONG",2012,28,50,0,4,0,30,0
"ASSAM","KARIMGANJ",2012,32,85,11,4,0,262,0
"ASSAM","KOKRAJHAR",2012,27,65,3,31,0,84,2
"ASSAM","LAKHIMPUR",2012,62,97,0,25,0,19,0
"ASSAM","MARIGAON",2012,58,88,4,25,0,115,0
"ASSAM","NORTH CACHAR HILLS",2012,5,13,0,0,0,0,0
"ASSAM","NAGAON",2012,173,348,10,245,3,875,0
"ASSAM","NALBARI",2012,34,89,3,83,0,131,0
"ASSAM","R.P.O.",2012,0,6,0,0,0,0,0
"ASSAM","SIBSAGAR",2012,78,153,5,134,0,269,0
"ASSAM","SONITPUR",2012,97,220,11,39,0,124,0
"ASSAM","TINSUKIA",2012,64,142,1,43,0,137,0
"ASSAM","UDALGURI",2012,23,38,8,41,0,46,0
"ASSAM","TOTAL",2012,1716,3360,140,1840,5,6407,2
"BIHAR","ARARIA",2012,53,78,21,8,7,32,0
"BIHAR","ARWAL",2012,5,24,13,0,0,22,0
"BIHAR","AURANGABAD",2012,22,58,27,2,0,110,0
"BIHAR","BAGAHA",2012,11,69,9,0,0,37,0
"BIHAR","BANKA",2012,17,45,17,0,0,37,0
"BIHAR","BEGUSARAI",2012,11,113,27,0,0,79,0
"BIHAR","BETTIAH",2012,35,141,28,0,0,20,0
"BIHAR","BHABUA",2012,10,38,21,0,0,42,0
"BIHAR","BHAGALPUR",2012,31,106,24,0,4,119,0
"BIHAR","BHOJPUR",2012,9,69,38,0,0,56,0
"BIHAR","BUXAR",2012,21,70,28,29,0,86,0
"BIHAR","DARBHANGA",2012,44,150,34,0,1,377,0
"BIHAR","GAYA",2012,35,120,53,0,0,92,0
"BIHAR","GOPALGANJ",2012,20,89,43,0,0,190,0
"BIHAR","JAMALPUR RLY.",2012,1,0,0,0,0,0,0
"BIHAR","JAMUI",2012,27,43,18,2,0,65,0
"BIHAR","JEHANABAD",2012,8,41,24,0,0,37,0
"BIHAR","KATIHAR",2012,73,112,24,1,1,111,0
"BIHAR","KATIHAR RLY.",2012,0,6,0,1,0,1,0
"BIHAR","KHAGARIA",2012,18,34,12,0,0,41,0
"BIHAR","KISHANGANJ",2012,32,71,19,0,0,50,0
"BIHAR","LAKHISARAI",2012,13,28,10,3,0,55,0
"BIHAR","MADHEPURA",2012,31,56,15,0,2,46,0
"BIHAR","MADHUBANI",2012,31,163,27,0,0,195,0
"BIHAR","MOTIHARI",2012,22,198,67,0,16,156,0
"BIHAR","MUNGER",2012,9,49,8,1,0,40,0
"BIHAR","MUZAFFARPUR",2012,34,220,83,0,0,80,3
"BIHAR","MUZAFFARPUR RLY.",2012,2,0,0,0,0,0,0
"BIHAR","NALANDA",2012,11,85,79,7,1,116,0
"BIHAR","NAUGACHIA",2012,2,18,10,0,0,64,0
"BIHAR","NAWADA",2012,18,57,29,0,0,13,0
"BIHAR","PATNA",2012,49,300,97,19,1,377,0
"BIHAR","PATNA RLY.",2012,2,5,3,16,0,2,0
"BIHAR","PURNIA",2012,39,95,17,8,4,0,1
"BIHAR","ROHTAS",2012,26,94,44,15,0,92,0
"BIHAR","SAHARSA",2012,16,76,10,0,0,72,0
"BIHAR","SAMASTIPUR",2012,24,112,34,0,0,114,0
"BIHAR","SARAN",2012,23,137,74,0,0,138,0
"BIHAR","SHEIKHPURA",2012,10,27,8,0,0,37,0
"BIHAR","SHEOHAR",2012,2,22,9,3,0,9,0
"BIHAR","SITAMARHI",2012,20,143,30,0,0,100,0
"BIHAR","SIWAN",2012,20,166,64,2,0,101,0
"BIHAR","SUPAUL",2012,20,90,15,0,0,79,0
"BIHAR","VAISHALI",2012,20,171,62,1,0,196,0
"BIHAR","TOTAL",2012,927,3789,1275,118,37,3686,4
"CHHATTISGARH","BALOD",2012,22,6,4,50,1,9,0
"CHHATTISGARH","BALODA BAZAR",2012,45,18,0,98,10,37,0
"CHHATTISGARH","BALRAMPUR",2012,64,0,0,52,2,30,0
"CHHATTISGARH","BEMETARA",2012,24,18,3,61,5,29,0
"CHHATTISGARH","BILASPUR",2012,47,28,10,169,11,95,0
"CHHATTISGARH","BIZAPUR",2012,4,3,0,5,0,1,0
"CHHATTISGARH","DANTEWADA",2012,7,1,0,4,0,5,0
"CHHATTISGARH","DHAMTARI",2012,21,2,1,36,11,15,0
"CHHATTISGARH","DURG",2012,91,47,9,178,25,111,0
"CHHATTISGARH","GARIYABAND",2012,19,2,1,28,5,6,0
"CHHATTISGARH","GRP RAIPUR",2012,2,6,0,5,0,2,0
"CHHATTISGARH","JAGDALPUR",2012,36,10,0,20,0,8,0
"CHHATTISGARH","JANJGIR-CHAMPA",2012,33,19,11,104,13,123,0
"CHHATTISGARH","JASHPUR",2012,80,19,2,29,0,31,0
"CHHATTISGARH","KAWARDHA",2012,22,14,1,58,2,20,0
"CHHATTISGARH","KANKER",2012,23,6,2,18,1,19,0
"CHHATTISGARH","KONDAGAON",2012,11,0,0,4,3,2,0
"CHHATTISGARH","KORBA",2012,43,15,4,59,7,42,0
"CHHATTISGARH","KORIYA",2012,42,12,5,86,2,65,0
"CHHATTISGARH","MAHASAMUND",2012,28,37,4,63,4,33,0
"CHHATTISGARH","MUNGELI",2012,6,13,2,24,3,26,0
"CHHATTISGARH","NARAYANPUR",2012,5,1,0,4,2,0,0
"CHHATTISGARH","RAIGARH",2012,69,14,6,81,8,55,0
"CHHATTISGARH","RAIPUR",2012,111,14,8,148,38,109,0
"CHHATTISGARH","RAJ NANDGAON",2012,31,7,3,52,7,17,0
"CHHATTISGARH","SURGUJA",2012,73,18,0,89,1,25,0
"CHHATTISGARH","SUKMA",2012,1,5,0,2,0,2,0
"CHHATTISGARH","SURAJPUR",2012,74,15,5,74,1,63,0
"CHHATTISGARH","TOTAL",2012,1034,350,81,1601,162,980,0
"GOA","NORTH GOA",2012,26,10,0,29,14,11,0
"GOA","SOUTH GOA",2012,29,6,0,20,2,13,0
"GOA","TOTAL",2012,55,16,0,49,16,24,0
"GUJARAT","AHMEDABAD COMMR.",2012,63,183,11,79,7,1448,0
"GUJARAT","AHMEDABAD RURAL",2012,5,67,0,33,0,163,0
"GUJARAT","AHMADABAD",2012,68,250,11,112,7,1611,0
"GUJARAT","AHWA-DANG",2012,1,1,0,1,1,8,0
"GUJARAT","AMRELI",2012,10,75,0,20,7,146,0
"GUJARAT","ANAND",2012,9,53,0,22,1,188,0
"GUJARAT","BHARUCH",2012,12,22,0,19,1,0,0
"GUJARAT","BHAVNAGAR",2012,13,96,0,30,42,221,0
"GUJARAT","CID CRIME",2012,1,0,0,0,0,0,0
"GUJARAT","DAHOD",2012,10,67,0,17,0,7,0
"GUJARAT","GANDHINAGAR",2012,20,26,0,10,1,159,0
"GUJARAT","HIMMATNAGAR",2012,10,55,0,22,4,249,0
"GUJARAT","JAMNAGAR",2012,22,37,0,40,4,439,0
"GUJARAT","JUNAGADH",2012,15,53,1,37,5,411,0
"GUJARAT","KHEDA",2012,18,55,0,22,0,161,0
"GUJARAT","KACHCHH (EAST(G))",2012,17,23,1,12,0,188,0
"GUJARAT","KACHCHH (WEST-BHUJ)",2012,8,17,0,18,0,127,0
"GUJARAT","KACHCHH",2012,25,40,1,30,0,315,0
"GUJARAT","MAHESANA",2012,10,54,0,28,1,245,0
"GUJARAT","NARMADA",2012,7,5,0,3,0,13,0
"GUJARAT","NAVSARI",2012,4,15,0,4,0,114,0
"GUJARAT","PALANPUR",2012,49,107,0,64,1,349,0
"GUJARAT","PANCHMAHAL",2012,5,73,0,36,0,294,0
"GUJARAT","PATAN",2012,7,31,0,32,1,151,0
"GUJARAT","PORBANDAR",2012,10,7,1,8,0,73,0
"GUJARAT","RAJKOT COMMR.",2012,11,50,0,10,3,264,0
"GUJARAT","RAJKOT RURAL",2012,20,58,3,26,3,292,0
"GUJARAT","RAJKOT",2012,31,108,3,36,6,556,0
"GUJARAT","SURAT COMMR.",2012,40,66,3,28,0,299,0
"GUJARAT","SURAT RURAL",2012,13,30,1,14,2,94,0
"GUJARAT","SURAT",2012,53,96,4,42,2,393,0
"GUJARAT","SURENDRANAGAR",2012,19,46,0,51,5,124,0
"GUJARAT","TAPI",2012,5,3,0,9,0,17,0
"GUJARAT","VADODARA COMMR.",2012,11,57,0,15,4,306,0
"GUJARAT","VADODARA RURAL",2012,15,72,0,23,0,90,0
"GUJARAT","W.RLY VADODARA",2012,0,2,0,1,0,1,0
"GUJARAT","VADODARA",2012,26,131,0,39,4,397,0
"GUJARAT","VALSAD",2012,12,19,0,9,0,15,0
"GUJARAT","W.RLY AHMADABAD",2012,1,2,0,2,0,2,0
"GUJARAT","TOTAL",2012,473,1527,21,745,93,6658,0
"HARYANA","AMBALA RURAL",2012,11,19,7,12,4,73,0
"HARYANA","AMBALA URBAN",2012,21,39,5,23,14,159,0
"HARYANA","AMBALA",2012,32,58,12,35,18,232,0
"HARYANA","BHIWANI",2012,28,69,19,45,23,179,0
"HARYANA","FARIDABAD",2012,47,87,8,31,84,197,0
"HARYANA","FATEHABAD",2012,15,33,4,7,7,125,0
"HARYANA","GRP",2012,1,7,5,9,83,1,0
"HARYANA","GURGAON",2012,44,47,15,18,31,150,0
"HARYANA","HISAR",2012,44,88,12,39,23,312,0
"HARYANA","JHAJJAR",2012,20,17,10,19,14,135,0
"HARYANA","JIND",2012,34,40,17,27,0,114,0
"HARYANA","KAITHAL",2012,18,20,6,15,0,127,0
"HARYANA","KARNAL",2012,63,41,23,50,28,204,0
"HARYANA","KURUKSHETRA",2012,25,30,11,20,27,110,0
"HARYANA","MAHENDRAGARH",2012,14,18,10,26,0,78,0
"HARYANA","MEWAT",2012,50,15,5,15,7,168,0
"HARYANA","PALWAL",2012,32,47,12,27,0,107,0
"HARYANA","PANCHKULA",2012,18,23,7,13,1,51,0
"HARYANA","PANIPAT",2012,35,67,15,23,12,136,0
"HARYANA","REWARI",2012,24,20,12,16,1,102,0
"HARYANA","ROHTAK",2012,37,23,12,24,40,143,0
"HARYANA","SIRSA",2012,30,55,6,25,1,159,0
"HARYANA","SONEPAT",2012,32,49,30,26,25,185,0
"HARYANA","YAMUNA NAGAR",2012,25,46,7,15,9,122,0
"HARYANA","TOTAL",2012,668,900,258,525,434,3137,0
"HIMACHAL PRADESH","BADDIPOLICEDIST",2012,12,8,1,7,0,16,0
"HIMACHAL PRADESH","BILASPUR",2012,12,5,0,21,12,22,0
"HIMACHAL PRADESH","CHAMBA",2012,10,14,1,9,4,7,0
"HIMACHAL PRADESH","CID",2012,0,0,0,0,0,0,0
"HIMACHAL PRADESH","G.R.P.",2012,0,0,0,0,0,0,0
"HIMACHAL PRADESH","HAMIRPUR",2012,8,2,0,20,5,17,0
"HIMACHAL PRADESH","KANGRA",2012,26,47,0,45,13,43,0
"HIMACHAL PRADESH","KINNAUR",2012,6,2,0,1,0,5,0
"HIMACHAL PRADESH","KULLU",2012,22,5,0,22,0,10,0
"HIMACHAL PRADESH","LAHUL AND SPITI",2012,2,0,0,1,0,0,0
"HIMACHAL PRADESH","MANDI",2012,28,18,0,49,17,32,0
"HIMACHAL PRADESH","SHIMLA",2012,23,25,0,28,7,23,0
"HIMACHAL PRADESH","SIRMAUR",2012,17,11,0,24,4,18,0
"HIMACHAL PRADESH","SOLAN",2012,9,8,0,13,1,16,0
"HIMACHAL PRADESH","UNA",2012,8,7,0,10,5,42,0
"HIMACHAL PRADESH","TOTAL",2012,183,152,2,250,68,251,0
"JAMMU & KASHMIR","ANANTNAG",2012,14,92,0,130,33,4,0
"JAMMU & KASHMIR","AWANTIPORA",2012,4,29,0,11,7,1,0
"JAMMU & KASHMIR","BANDIPORA",2012,6,45,0,81,5,0,0
"JAMMU & KASHMIR","BARAMULLA",2012,12,79,0,109,23,13,0
"JAMMU & KASHMIR","BUDGAM",2012,7,73,0,114,15,5,0
"JAMMU & KASHMIR","CRIME JAMMU",2012,0,0,0,0,0,0,0
"JAMMU & KASHMIR","CRIME SRINAGAR",2012,0,0,0,0,0,0,0
"JAMMU & KASHMIR","DODA",2012,16,31,0,23,5,26,0
"JAMMU & KASHMIR","GANDERBAL",2012,9,32,0,97,3,2,0
"JAMMU & KASHMIR","HANDWARA",2012,6,35,0,88,3,2,0
"JAMMU & KASHMIR","JAMMU",2012,39,92,5,44,33,67,0
"JAMMU & KASHMIR","KARGIL",2012,1,0,0,1,0,0,0
"JAMMU & KASHMIR","KATHUA",2012,20,34,1,30,12,14,0
"JAMMU & KASHMIR","KISHTWAR",2012,6,23,0,12,1,11,0
"JAMMU & KASHMIR","KULGAM",2012,15,68,0,96,19,2,0
"JAMMU & KASHMIR","KUPWARA",2012,15,49,0,53,16,9,0
"JAMMU & KASHMIR","LADAKH (LEH)",2012,3,1,0,5,0,0,0
"JAMMU & KASHMIR","POONCH",2012,9,41,0,31,6,14,0
"JAMMU & KASHMIR","PULWAMA",2012,3,21,0,8,19,0,0
"JAMMU & KASHMIR","RAILWAYS JAMMU",2012,0,0,0,0,1,0,0
"JAMMU & KASHMIR","RAILWAYS KASHMIR",2012,0,1,0,0,0,0,0
"JAMMU & KASHMIR","RAILWAYS KATRA",2012,0,0,0,0,0,0,0
"JAMMU & KASHMIR","RAJAURI",2012,32,54,1,51,11,44,0
"JAMMU & KASHMIR","RAMBAN",2012,7,22,0,9,6,0,0
"JAMMU & KASHMIR","REASI",2012,12,18,0,14,6,2,0
"JAMMU & KASHMIR","SAMBA",2012,8,9,1,10,11,4,0
"JAMMU & KASHMIR","SHOPIAN",2012,3,47,0,29,9,0,0
"JAMMU & KASHMIR","SOPORE",2012,7,34,0,55,9,6,0
"JAMMU & KASHMIR","SRINAGAR",2012,19,89,0,201,82,63,0
"JAMMU & KASHMIR","UDHAMPUR",2012,30,22,0,20,12,12,0
"JAMMU & KASHMIR","TOTAL",2012,303,1041,8,1322,347,301,0
"JHARKHAND","BOKARO",2012,46,63,21,4,0,212,0
"JHARKHAND","CHAIBASA",2012,34,15,6,8,0,20,1
"JHARKHAND","CHATRA",2012,15,20,8,6,0,18,0
"JHARKHAND","DEOGHAR",2012,38,3,18,35,0,159,0
"JHARKHAND","DHANBAD",2012,41,101,49,4,2,89,0
"JHARKHAND","DHANBAD RLY.",2012,2,2,1,8,0,2,0
"JHARKHAND","DUMKA",2012,29,26,8,12,0,43,0
"JHARKHAND","GARHWA",2012,43,21,21,14,0,68,0
"JHARKHAND","GIRIDIH",2012,37,36,32,46,0,104,0
"JHARKHAND","GODDA",2012,22,42,11,2,0,0,0
"JHARKHAND","GUMLA",2012,36,44,2,9,0,6,0
"JHARKHAND","HAZARIBAG",2012,42,49,24,9,0,54,0
"JHARKHAND","JAMSHEDPUR",2012,56,91,17,22,3,106,0
"JHARKHAND","JAMSHEDPUR RLY.",2012,1,1,0,0,0,0,0
"JHARKHAND","JAMTARA",2012,27,10,5,1,0,72,0
"JHARKHAND","KHUNTI",2012,8,10,1,2,1,0,0
"JHARKHAND","KODERMA",2012,8,22,13,12,0,29,0
"JHARKHAND","LATEHAR",2012,15,16,4,6,0,10,0
"JHARKHAND","LOHARDAGA",2012,23,18,1,6,0,23,0
"JHARKHAND","PAKUR",2012,53,18,1,10,0,64,0
"JHARKHAND","PALAMU",2012,26,30,28,10,0,20,0
"JHARKHAND","RAMGARH",2012,26,19,7,10,2,7,0
"JHARKHAND","RANCHI",2012,52,53,11,22,1,45,0
"JHARKHAND","SAHIBGANJ",2012,65,45,6,11,1,74,2
"JHARKHAND","SARAIKELA KHARSAWAN",2012,35,14,6,10,0,25,0
"JHARKHAND","SIMDEGA",2012,32,17,1,5,0,11,0
"JHARKHAND","TOTAL",2012,812,786,302,284,10,1261,3
"KARNATAKA","BAGALKOT",2012,11,14,6,63,0,72,2
"KARNATAKA","BANGALORE URBAN",2012,90,433,51,321,51,524,0
"KARNATAKA","BANGALORE RURAL",2012,31,41,10,70,0,96,0
"KARNATAKA","BELGAUM",2012,37,34,5,205,9,307,0
"KARNATAKA","BELLARY",2012,18,24,9,48,0,104,0
"KARNATAKA","BIDAR",2012,11,24,10,40,2,99,0
"KARNATAKA","BIJAPUR",2012,18,24,4,41,0,128,9
"KARNATAKA","CBPURA",2012,12,20,12,56,3,36,0
"KARNATAKA","CHAMRAJNAGAR",2012,9,8,2,64,0,62,1
"KARNATAKA","CHIKMAGALUR",2012,11,7,4,70,2,89,4
"KARNATAKA","CHITRADURGA",2012,26,34,6,140,0,75,0
"KARNATAKA","DAKSHIN KANNADA",2012,12,9,2,35,8,42,0
"KARNATAKA","DAVANAGERE",2012,17,20,8,117,0,119,0
"KARNATAKA","DHARWAD COMMR.",2012,6,42,2,16,0,65,0
"KARNATAKA","DHARWAD RURAL",2012,5,3,0,38,0,24,0
"KARNATAKA","DHARWAD",2012,11,45,2,54,0,89,0
"KARNATAKA","GADAG",2012,6,12,2,59,0,47,0
"KARNATAKA","GULBARGA",2012,29,39,10,132,0,151,0
"KARNATAKA","HASSAN",2012,21,19,5,120,1,155,0
"KARNATAKA","HAVERI",2012,12,0,3,72,0,68,0
"KARNATAKA","K.G.F.",2012,10,0,2,10,0,19,0
"KARNATAKA","KODAGU",2012,12,3,2,25,0,43,0
"KARNATAKA","KOLAR",2012,18,14,1,37,0,34,0
"KARNATAKA","KOPPAL",2012,7,0,0,17,0,87,0
"KARNATAKA","MANDYA",2012,35,39,9,149,1,204,1
"KARNATAKA","MANGALORE CITY",2012,12,4,1,29,1,48,3
"KARNATAKA","MYSORE COMMR.",2012,12,10,6,22,0,32,12
"KARNATAKA","MYSORE RURAL",2012,28,47,1,163,0,158,0
"KARNATAKA","MYSORE",2012,40,57,7,185,0,190,0
"KARNATAKA","RAICHUR",2012,19,25,1,141,0,190,0
"KARNATAKA","RAILWAYS",2012,2,1,2,2,1,0,0
"KARNATAKA","RAMANAGAR",2012,16,53,17,112,0,73,0
"KARNATAKA","SHIMOGA",2012,14,24,6,158,3,222,0
"KARNATAKA","TUMKUR",2012,33,10,18,171,0,132,0
"KARNATAKA","UDUPI",2012,5,3,0,41,1,38,0
"KARNATAKA","UTTAR KANNADA",2012,7,10,1,97,8,78,0
"KARNATAKA","YADGIRI",2012,9,20,0,97,9,63,0
"KARNATAKA","TOTAL",2012,621,1070,218,2978,100,3684,32
"KERALA","ALAPPUZHA",2012,44,15,1,250,14,294,0
"KERALA","ERNAKULAM COMMR.",2012,28,5,0,108,16,127,0
"KERALA","ERNAKULAM RURAL",2012,59,9,0,162,25,216,0
"KERALA","ERNAKULAM",2012,87,14,0,270,41,343,0
"KERALA","IDUKKI",2012,53,10,2,189,10,219,0
"KERALA","KANNUR",2012,66,18,0,183,12,391,0
"KERALA","KASARAGOD",2012,89,10,3,156,15,205,0
"KERALA","KOLLAM COMMR.",2012,46,18,4,171,41,336,0
"KERALA","KOLLAM RURAL",2012,49,14,1,270,20,326,0
"KERALA","KOLLAM",2012,95,32,5,441,61,662,0
"KERALA","KOTTAYAM",2012,55,17,1,265,55,255,0
"KERALA","KOZHIKODE COMMR.",2012,36,3,0,103,83,144,0
"KERALA","KOZHIKODE RURAL",2012,42,13,0,153,15,313,0
"KERALA","KOZHIKODE",2012,78,16,0,256,98,457,0
"KERALA","MALAPPURAM",2012,97,3,2,221,21,668,0
"KERALA","PALAKKAD",2012,68,9,5,146,11,401,0
"KERALA","PATTANAMTHITTA",2012,32,16,2,137,8,162,0
"KERALA","RAILWAYS",2012,0,1,0,46,12,0,0
"KERALA","THRISSUR COMMR.",2012,35,9,0,111,32,146,0
"KERALA","THRISSUR RURAL",2012,46,9,2,218,36,361,0
"KERALA","THRISSUR",2012,81,18,2,329,68,507,0
"KERALA","THIRUVANANTHAPURAM COMMR.",2012,41,16,0,226,19,159,0
"KERALA","THIRUVANANTHAPURAM RURAL",2012,97,10,8,541,38,398,0
"KERALA","THIRUVANANTHAPURAM",2012,138,26,8,767,57,557,0
"KERALA","WAYANAD",2012,36,9,1,79,15,95,0
"KERALA","TOTAL",2012,1019,214,32,3735,498,5216,0
"MADHYA PRADESH","ALIRAJPUR",2012,22,12,0,31,1,2,0
"MADHYA PRADESH","ANUPPUR",2012,62,8,12,80,6,53,0
"MADHYA PRADESH","ASHOKNAGAR",2012,50,5,10,62,1,21,0
"MADHYA PRADESH","BALAGHAT",2012,78,7,6,113,11,63,0
"MADHYA PRADESH","BARWANI",2012,50,8,2,72,5,13,0
"MADHYA PRADESH","BETUL",2012,118,10,11,151,15,57,0
"MADHYA PRADESH","BHIND",2012,49,25,40,83,7,50,0
"MADHYA PRADESH","BHOPAL",2012,143,49,19,244,52,254,0
"MADHYA PRADESH","BHOPAL RLY.",2012,4,1,0,14,1,3,0
"MADHYA PRADESH","BURHANPUR",2012,23,5,2,42,22,47,0
"MADHYA PRADESH","CHHATARPUR",2012,62,39,26,172,0,68,0
"MADHYA PRADESH","CHHINDWARA",2012,122,19,18,202,41,108,0
"MADHYA PRADESH","DAMOH",2012,50,27,20,165,0,108,0
"MADHYA PRADESH","DATIA",2012,23,20,8,61,0,25,0
"MADHYA PRADESH","DEWAS",2012,70,29,19,146,31,130,0
"MADHYA PRADESH","DHAR",2012,81,45,39,173,16,69,0
"MADHYA PRADESH","DINDORI",2012,40,6,5,80,6,39,0
"MADHYA PRADESH","GUNA",2012,60,25,8,131,11,34,0
"MADHYA PRADESH","GWALIOR",2012,85,75,35,158,13,202,0
"MADHYA PRADESH","HARDA",2012,26,10,7,51,4,16,0
"MADHYA PRADESH","HOSHANGABAD",2012,69,27,12,129,21,57,0
"MADHYA PRADESH","INDORE",2012,173,42,24,405,114,448,0
"MADHYA PRADESH","INDORE RLY.",2012,3,3,0,3,1,0,0
"MADHYA PRADESH","JABALPUR",2012,127,45,33,253,43,219,0
"MADHYA PRADESH","JABALPUR RLY.",2012,3,0,0,13,1,0,0
"MADHYA PRADESH","JHABUA",2012,62,17,0,92,0,24,0
"MADHYA PRADESH","KATNI",2012,58,14,12,146,14,46,0
"MADHYA PRADESH","KHANDWA",2012,66,5,6,136,6,34,0
"MADHYA PRADESH","KHARGAON",2012,67,20,30,133,22,45,0
"MADHYA PRADESH","MANDLA",2012,75,8,3,94,12,40,0
"MADHYA PRADESH","MANDSAUR",2012,49,28,6,100,6,78,1
"MADHYA PRADESH","MORENA",2012,32,29,29,107,3,94,0
"MADHYA PRADESH","NARSINGHPUR",2012,71,14,16,158,31,79,0
"MADHYA PRADESH","NEEMUCH",2012,25,10,4,43,13,42,0
"MADHYA PRADESH","PANNA",2012,34,4,18,72,10,31,0
"MADHYA PRADESH","RAISEN",2012,92,16,22,158,0,72,0
"MADHYA PRADESH","RAJGARH",2012,90,47,6,181,25,50,0
"MADHYA PRADESH","RATLAM",2012,72,25,13,128,11,85,0
"MADHYA PRADESH","REWA",2012,92,35,39,115,7,101,0
"MADHYA PRADESH","SAGAR",2012,125,61,34,441,22,145,0
"MADHYA PRADESH","SATNA",2012,89,25,17,138,7,121,0
"MADHYA PRADESH","SEONI",2012,65,8,11,100,7,24,0
"MADHYA PRADESH","SHAHDOL",2012,81,27,13,133,7,141,0
"MADHYA PRADESH","SHAJAPUR",2012,67,17,7,102,15,42,0
"MADHYA PRADESH","SHEOPUR",2012,17,4,5,40,0,29,0
"MADHYA PRADESH","SHIVPURI",2012,104,22,9,148,19,67,0
"MADHYA PRADESH","SIDHI",2012,48,38,18,84,5,59,0
"MADHYA PRADESH","SEHORE",2012,69,14,10,100,13,47,1
"MADHYA PRADESH","SINGRAULI",2012,32,33,13,87,6,63,0
"MADHYA PRADESH","TIKAMGARH",2012,61,8,16,124,7,27,4
"MADHYA PRADESH","UJJAIN",2012,73,31,11,180,53,202,0
"MADHYA PRADESH","UMARIA",2012,22,2,0,68,7,17,0
"MADHYA PRADESH","VIDISHA",2012,94,23,19,213,23,97,0
"MADHYA PRADESH","TOTAL",2012,3425,1127,743,6655,774,3988,6
"MAHARASHTRA","AHMEDNAGAR",2012,61,49,23,147,1,576,0
"MAHARASHTRA","AKOLA",2012,19,19,4,92,40,87,0
"MAHARASHTRA","AMRAVATI COMMR.",2012,20,16,1,53,14,74,0
"MAHARASHTRA","AMRAVATI RURAL",2012,64,17,3,154,42,139,0
"MAHARASHTRA","AMRAVATI",2012,84,33,4,207,56,213,0
"MAHARASHTRA","AURANGABAD COMMR.",2012,23,18,4,79,28,120,0
"MAHARASHTRA","AURANGABAD RURAL",2012,25,10,18,77,25,298,0
"MAHARASHTRA","BEED",2012,42,21,8,81,9,378,0
"MAHARASHTRA","BHANDARA",2012,26,8,3,36,33,59,0
"MAHARASHTRA","BULDANA",2012,29,28,27,107,35,193,0
"MAHARASHTRA","CHANDRAPUR",2012,44,29,4,119,79,125,0
"MAHARASHTRA","DHULE",2012,30,14,4,39,2,207,0
"MAHARASHTRA","GADCHIROLI",2012,18,6,0,30,5,12,0
"MAHARASHTRA","GONDIYA",2012,38,10,0,47,18,42,0
"MAHARASHTRA","HINGOLI",2012,13,5,6,33,3,88,0
"MAHARASHTRA","JALGAON",2012,45,39,1,134,51,409,0
"MAHARASHTRA","JALNA",2012,25,18,36,89,9,303,0
"MAHARASHTRA","KOLHAPUR",2012,48,22,17,66,32,148,0
"MAHARASHTRA","LATUR",2012,21,32,4,61,0,212,0
"MAHARASHTRA","MUMBAI COMMR.",2012,232,141,11,614,235,388,0
"MAHARASHTRA","MUMBAI RLY.",2012,1,5,1,21,3,0,0
"MAHARASHTRA","NAVI MUMBAI",2012,36,11,3,64,25,91,0
"MAHARASHTRA","MUMBAI",2012,269,157,15,699,263,389,0
"MAHARASHTRA","NAGPUR COMMR.",2012,57,39,6,84,53,166,0
"MAHARASHTRA","NAGPUR RLY.",2012,1,2,0,4,4,3,0
"MAHARASHTRA","NAGPUR RURAL",2012,29,15,7,82,20,76,0
"MAHARASHTRA","NAGPUR",2012,87,56,13,170,77,245,0
"MAHARASHTRA","NANDED",2012,48,32,25,71,5,421,0
"MAHARASHTRA","NANDURBAR",2012,19,8,0,22,4,78,0
"MAHARASHTRA","NASHIK COMMR.",2012,20,13,3,36,16,147,0
"MAHARASHTRA","NASHIK RURAL",2012,46,20,17,98,26,319,0
"MAHARASHTRA","NASHIK",2012,66,33,20,134,42,466,0
"MAHARASHTRA","OSMANABAD",2012,38,21,2,86,12,175,0
"MAHARASHTRA","PARBHANI",2012,28,13,3,68,9,242,0
"MAHARASHTRA","PUNE COMMR.",2012,85,77,9,120,85,215,0
"MAHARASHTRA","PUNE RLY.",2012,2,1,0,3,0,0,0
"MAHARASHTRA","PUNE RURAL",2012,92,51,12,128,59,221,0
"MAHARASHTRA","PUNE",2012,179,129,21,251,144,436,0
"MAHARASHTRA","RAIGAD",2012,21,3,19,37,9,40,0
"MAHARASHTRA","RATNAGIRI",2012,11,3,2,31,17,38,0
"MAHARASHTRA","SANGLI",2012,33,23,8,57,15,64,0
"MAHARASHTRA","SATARA",2012,43,25,0,78,29,166,0
"MAHARASHTRA","SINDHUDURG",2012,9,5,0,20,17,11,0
"MAHARASHTRA","SOLAPUR COMMR.",2012,25,21,1,31,10,53,0
"MAHARASHTRA","SOLAPUR RURAL",2012,67,24,3,58,40,151,0
"MAHARASHTRA","SOLAPUR",2012,92,45,4,89,50,204,0
"MAHARASHTRA","THANE COMMR.",2012,107,77,4,203,28,330,0
"MAHARASHTRA","THANE RURAL",2012,63,37,6,155,32,111,0
"MAHARASHTRA","THANE",2012,170,114,10,358,60,441,0
"MAHARASHTRA","WARDHA",2012,40,25,0,93,30,59,0
"MAHARASHTRA","WASHIM",2012,31,27,6,84,19,133,0
"MAHARASHTRA","YAVATMAL",2012,64,60,18,143,66,247,0
"MAHARASHTRA","TOTAL",2012,1839,1140,329,3935,1294,7415,0
"MANIPUR","BISHNUPUR",2012,11,7,0,3,0,4,0
"MANIPUR","CHANDEL",2012,0,1,0,1,0,0,0
"MANIPUR","CHURACHANDPUR",2012,1,1,0,1,0,1,0
"MANIPUR","CID",2012,0,0,0,0,0,0,0
"MANIPUR","EAST IMPHAL",2012,10,36,0,10,0,11,0
"MANIPUR","WEST IMPHAL",2012,18,47,0,21,0,9,0
"MANIPUR","SENAPATI",2012,2,3,0,1,0,0,0
"MANIPUR","TAMENGLONG",2012,1,1,0,0,0,0,0
"MANIPUR","THOUBAL",2012,20,37,0,12,1,17,0
"MANIPUR","UKHRUL",2012,0,0,0,0,0,1,0
"MANIPUR","TOTAL",2012,63,133,0,49,1,43,0
"MEGHALAYA","EAST GARO HILLS",2012,2,1,0,3,0,0,0
"MEGHALAYA","SOUTH GARO HILLS",2012,6,2,0,2,0,1,0
"MEGHALAYA","WEST GARO HILLS",2012,6,7,0,2,0,0,0
"MEGHALAYA","JAINTIA HILLS",2012,32,5,0,3,0,0,0
"MEGHALAYA","EAST KHASI HILLS",2012,58,5,1,21,0,13,0
"MEGHALAYA","WEST KHASI HILLS",2012,28,0,0,8,0,0,0
"MEGHALAYA","RI-BHOI",2012,32,4,0,4,0,2,0
"MEGHALAYA","TOTAL",2012,164,24,1,43,0,16,0
"MIZORAM","AIZAWL",2012,42,0,0,44,0,8,0
"MIZORAM","CHAMPHAI",2012,12,1,0,15,0,0,0
"MIZORAM","KOLASIB",2012,9,0,0,9,0,0,0
"MIZORAM","LAWNGTLAI",2012,7,1,0,0,0,0,0
"MIZORAM","LUNGLEI",2012,16,0,0,4,0,0,0
"MIZORAM","MAMIT",2012,10,0,0,3,0,0,0
"MIZORAM","SAIHA",2012,0,1,0,1,0,0,0
"MIZORAM","SERCHHIP",2012,7,0,0,9,0,0,0
"MIZORAM","TOTAL",2012,103,3,0,85,0,8,0
"NAGALAND","DIMAPUR",2012,9,5,0,9,0,0,0
"NAGALAND","KIPHIRE",2012,0,0,0,0,0,0,0
"NAGALAND","KOHIMA",2012,1,0,0,2,0,0,0
"NAGALAND","LONGLENG",2012,0,0,0,0,0,0,0
"NAGALAND","MOKOKCHUNG",2012,3,0,0,3,0,0,0
"NAGALAND","MON",2012,3,2,0,0,0,0,0
"NAGALAND","PEREN",2012,0,0,0,0,0,0,0
"NAGALAND","PHEK",2012,1,0,0,2,0,0,0
"NAGALAND","TUENSANG",2012,1,0,0,0,0,0,0
"NAGALAND","WOKHA",2012,2,0,0,0,0,0,0
"NAGALAND","ZUNHEBOTO",2012,1,3,0,0,0,0,0
"NAGALAND","TOTAL",2012,21,10,0,16,0,0,0
"ODISHA","ANGUL",2012,63,55,20,321,8,76,0
"ODISHA","BALESHWAR",2012,87,130,43,242,20,307,0
"ODISHA","BARAGARH",2012,35,30,3,154,14,96,0
"ODISHA","BERHAMPUR",2012,18,17,10,158,12,119,0
"ODISHA","BHADRAK",2012,54,66,20,93,12,155,0
"ODISHA","BOLANGIR",2012,51,36,7,238,15,40,0
"ODISHA","BOUDH",2012,10,8,0,79,6,24,0
"ODISHA","CUTTACK",2012,43,57,27,38,7,147,0
"ODISHA","DCP BBSR",2012,56,76,24,75,22,91,0
"ODISHA","DCP CTC",2012,28,43,14,30,2,134,0
"ODISHA","DEOGARH",2012,17,5,2,41,0,9,0
"ODISHA","DHENKANAL",2012,29,35,23,267,18,33,0
"ODISHA","GAJAPATI",2012,18,9,2,61,3,8,0
"ODISHA","GANJAM",2012,53,55,32,356,27,39,0
"ODISHA","JAGATSINGHPUR",2012,43,52,20,43,2,123,0
"ODISHA","JAJPUR",2012,49,56,51,83,4,162,0
"ODISHA","JHARSUGUDA",2012,21,6,2,41,11,50,0
"ODISHA","KALAHANDI",2012,65,41,8,120,14,96,0
"ODISHA","KANDHAMAL",2012,32,27,1,101,4,34,0
"ODISHA","KENDRAPARA",2012,38,65,48,7,4,43,0
"ODISHA","KEONJHAR",2012,102,70,28,231,24,181,0
"ODISHA","KHORDHA",2012,27,46,16,338,2,178,0
"ODISHA","KORAPUT",2012,73,31,21,114,9,0,0
"ODISHA","MALKANGIRI",2012,17,19,5,51,4,14,0
"ODISHA","MAYURBHANJ",2012,86,67,34,295,12,129,0
"ODISHA","NAYAGARH",2012,25,35,16,11,1,17,0
"ODISHA","NABARANGPUR",2012,42,45,2,83,14,43,0
"ODISHA","NUAPADA",2012,18,17,1,62,6,13,0
"ODISHA","PURI",2012,42,51,26,33,3,161,0
"ODISHA","RAYAGADA",2012,41,40,4,111,9,29,0
"ODISHA","ROURKELA",2012,65,22,2,102,4,29,0
"ODISHA","SAMBALPUR",2012,57,26,0,62,4,32,0
"ODISHA","SONEPUR",2012,12,8,4,53,1,10,0
"ODISHA","SRP(CUTTACK)",2012,0,0,0,11,1,0,0
"ODISHA","SRP(ROURKELA)",2012,1,3,1,9,0,2,0
"ODISHA","SUNDARGARH",2012,40,15,8,73,5,14,0
"ODISHA","TOTAL",2012,1458,1364,525,4187,304,2638,0
"PUNJAB","AMRITSAR RURAL",2012,18,30,8,12,0,49,0
"PUNJAB","CP AMRITSAR",2012,27,45,5,14,0,105,0
"PUNJAB","AMRITSAR",2012,45,75,13,26,0,154,0
"PUNJAB","BARNALA",2012,25,8,2,4,0,14,0
"PUNJAB","BATALA",2012,25,20,4,10,0,19,0
"PUNJAB","BHATINDA",2012,44,31,6,19,0,55,0
"PUNJAB","CP JALANDHAR",2012,33,29,6,17,3,107,0
"PUNJAB","JALANDHAR RURAL",2012,29,33,3,34,3,53,0
"PUNJAB","JALANDHAR",2012,62,62,9,51,6,160,0
"PUNJAB","CP LUDHIANA",2012,69,99,10,30,14,135,0
"PUNJAB","LUDHIANA RURAL",2012,11,21,4,5,1,23,0
"PUNJAB","LUDHIANA",2012,81,120,14,35,15,158,0
"PUNJAB","FARIDKOT",2012,17,18,2,11,1,20,0
"PUNJAB","FATEHGARH SAHIB",2012,15,7,2,3,1,21,0
"PUNJAB","FAZILKA",2012,32,26,2,1,0,36,0
"PUNJAB","FIROZPUR",2012,15,16,4,4,0,43,0
"PUNJAB","G.R.P",2012,0,0,2,0,0,0,0
"PUNJAB","GURDASPUR",2012,14,34,10,11,0,45,0
"PUNJAB","HOSHIARPUR",2012,33,28,8,14,0,70,0
"PUNJAB","KAPURTHALA",2012,16,34,3,8,0,46,0
"PUNJAB","KHANNA",2012,14,10,0,3,0,18,0
"PUNJAB","MANSA",2012,22,10,3,9,0,23,0
"PUNJAB","MOGA",2012,23,10,3,14,0,25,0
"PUNJAB","MUKTSAR",2012,18,28,3,10,2,30,0
"PUNJAB","PATHANKOT",2012,13,11,7,2,0,25,0
"PUNJAB","PATIALA",2012,44,32,4,24,0,86,0
"PUNJAB","ROPAR",2012,22,18,0,13,3,15,0
"PUNJAB","SANGRUR",2012,34,31,7,24,3,40,0
"PUNJAB","SAS NGR",2012,23,33,7,31,0,127,0
"PUNJAB","SBS NAGAR",2012,21,13,0,3,0,25,0
"PUNJAB","TARN TARAN",2012,23,14,3,10,0,38,0
"PUNJAB","TOTAL",2012,680,689,118,340,31,1293,0
"RAJASTHAN","AJMER",2012,70,76,13,72,0,668,0
"RAJASTHAN","ALWAR",2012,129,154,47,135,0,655,0
"RAJASTHAN","BANSWARA",2012,56,87,4,49,3,237,0
"RAJASTHAN","BARAN",2012,69,84,7,185,2,313,0
"RAJASTHAN","BARMER",2012,21,35,20,59,0,237,0
"RAJASTHAN","BHARATPUR",2012,108,168,32,79,0,567,0
"RAJASTHAN","BHILWARA",2012,59,70,10,98,0,609,0
"RAJASTHAN","BIKANER",2012,67,35,16,31,0,546,0
"RAJASTHAN","BUNDI",2012,43,77,5,90,1,304,0
"RAJASTHAN","CHITTAURGARH",2012,59,81,6,64,1,608,0
"RAJASTHAN","CHURU",2012,59,26,8,5,0,405,0
"RAJASTHAN","DAUSA",2012,14,75,19,9,0,181,0
"RAJASTHAN","DHAULPUR",2012,32,60,30,19,0,195,0
"RAJASTHAN","DUNGARPUR",2012,32,65,5,48,0,119,0
"RAJASTHAN","G.R.P.AJMER",2012,4,5,1,13,0,0,0
"RAJASTHAN","G.R.P.JODHPUR",2012,1,0,1,2,0,0,0
"RAJASTHAN","GANGANAGAR",2012,77,73,21,58,2,803,0
"RAJASTHAN","HANUMANGARH",2012,92,57,19,43,0,515,0
"RAJASTHAN","JAIPUR EAST",2012,41,55,10,24,0,201,0
"RAJASTHAN","JAIPUR NORTH",2012,37,54,13,29,0,265,0
"RAJASTHAN","JAIPUR RURAL",2012,39,86,11,46,0,281,0
"RAJASTHAN","JAIPUR SOUTH",2012,17,21,7,20,0,217,0
"RAJASTHAN","JAIPUR WEST",2012,38,60,0,18,0,257,0
"RAJASTHAN","JAIPUR",2012,172,276,41,137,0,1221,0
"RAJASTHAN","JAISALMER",2012,12,5,11,20,0,22,0
"RAJASTHAN","JALOR",2012,13,39,15,40,0,138,0
"RAJASTHAN","JHALAWAR",2012,81,76,5,205,2,434,0
"RAJASTHAN","JHUNJHUNU",2012,45,55,17,44,0,347,0
"RAJASTHAN","JODHPUR EAST",2012,20,13,11,16,0,296,0
"RAJASTHAN","JODHPUR RURAL",2012,27,28,16,26,0,121,0
"RAJASTHAN","JODHPUR WEST",2012,20,23,5,27,0,5,0
"RAJASTHAN","JODHPUR",2012,67,64,32,69,0,422,0
"RAJASTHAN","KARAULI",2012,44,77,15,7,0,196,0
"RAJASTHAN","KOTA CITY",2012,45,62,5,73,0,428,0
"RAJASTHAN","KOTA RURAL",2012,42,44,6,105,2,200,0
"RAJASTHAN","KOTA",2012,87,106,11,178,2,628,0
"RAJASTHAN","NAGAUR",2012,53,106,11,66,0,416,0
"RAJASTHAN","PALI",2012,61,104,9,75,1,464,0
"RAJASTHAN","PRATAPGARH",2012,137,78,2,79,0,276,0
"RAJASTHAN","RAJSAMAND",2012,14,53,5,40,1,263,0
"RAJASTHAN","SAWAI MADHOPUR",2012,19,75,6,39,0,213,0
"RAJASTHAN","SIKAR",2012,55,62,18,22,0,322,0
"RAJASTHAN","SIROHI",2012,29,64,4,74,1,180,0
"RAJASTHAN","TONK",2012,19,66,3,24,2,309,0
"RAJASTHAN","UDAIPUR",2012,149,163,9,174,0,499,0
"RAJASTHAN","TOTAL",2012,2049,2697,478,2352,18,13312,0
"SIKKIM","EAST SIKKIM",2012,13,6,1,7,0,2,0
"SIKKIM","NORTH SIKKIM",2012,0,0,0,0,0,0,0
"SIKKIM","SOUTH SIKKIM",2012,12,3,0,6,0,1,0
"SIKKIM","WEST SIKKIM",2012,9,1,0,6,0,1,0
"SIKKIM","TOTAL",2012,34,10,1,19,0,4,0
"TAMIL NADU","ARIYALUR",2012,11,39,1,53,0,13,0
"TAMIL NADU","CHENNAI",2012,94,65,12,90,141,237,0
"TAMIL NADU","CHENNAI RLY.",2012,0,2,0,5,0,2,0
"TAMIL NADU","COIMBATORE RURAL",2012,9,32,1,38,0,48,0
"TAMIL NADU","COIMBATORE URBAN",2012,20,12,0,17,2,112,0
"TAMIL NADU","COIMBATORE",2012,29,44,1,55,2,160,0
"TAMIL NADU","CUDDALORE",2012,40,124,8,64,0,63,0
"TAMIL NADU","DHARMAPURI",2012,25,93,1,48,2,66,0
"TAMIL NADU","DINDIGUL",2012,16,97,4,34,0,111,0
"TAMIL NADU","ERODE",2012,8,23,1,42,0,26,0
"TAMIL NADU","KANCHIPURAM",2012,19,17,3,17,1,17,0
"TAMIL NADU","KANYAKUMARI",2012,12,33,4,11,0,100,0
"TAMIL NADU","KARUR",2012,4,48,1,25,2,11,0
"TAMIL NADU","KRISHNAGIRI",2012,14,41,1,51,1,33,0
"TAMIL NADU","MADURAI RURAL",2012,30,75,11,75,4,71,0
"TAMIL NADU","MADURAI URBAN",2012,11,51,3,28,8,62,0
"TAMIL NADU","MADURAI",2012,41,126,14,103,12,133,0
"TAMIL NADU","NAGAPATTINAM",2012,10,40,1,34,36,10,0
"TAMIL NADU","NAMAKKAL",2012,12,44,1,39,15,8,0
"TAMIL NADU","NILGIRIS",2012,9,7,1,15,2,8,0
"TAMIL NADU","PERAMBALUR",2012,3,31,0,22,0,6,0
"TAMIL NADU","PUDUKOTTAI",2012,6,28,0,26,1,35,0
"TAMIL NADU","RAMANATHAPURAM",2012,9,35,3,15,3,18,0
"TAMIL NADU","SALEM RURAL",2012,36,75,1,87,0,35,0
"TAMIL NADU","SALEM URBAN",2012,15,18,3,12,14,21,0
"TAMIL NADU","SALEM",2012,51,93,4,99,14,56,0
"TAMIL NADU","SIVAGANGA",2012,11,39,3,37,0,57,0
"TAMIL NADU","THANJAVUR",2012,14,43,1,76,0,28,0
"TAMIL NADU","THENI",2012,22,40,5,50,0,63,0
"TAMIL NADU","THIRUNELVELI RURAL",2012,44,43,3,58,0,266,0
"TAMIL NADU","THIRUNELVELI URBAN",2012,3,3,2,6,0,25,0
"TAMIL NADU","THIRUNELVELI",2012,47,46,5,64,0,291,0
"TAMIL NADU","THIRUVALLUR",2012,18,12,5,8,1,19,0
"TAMIL NADU","THIRUVANNAMALAI",2012,21,52,1,8,0,37,0
"TAMIL NADU","THIRUVARUR",2012,11,33,1,6,0,16,0
"TAMIL NADU","THOOTHUKUDI",2012,26,35,1,1,0,50,0
"TAMIL NADU","TIRUPPUR",2012,8,38,7,52,0,76,0
"TAMIL NADU","THIRUCHIRAPALLI RLY.",2012,0,1,0,2,0,1,0
"TAMIL NADU","THIRUCHIRAPALLI RURAL",2012,14,23,3,33,0,24,0
"TAMIL NADU","THIRUCHIRAPALLI URBAN",2012,7,13,3,9,39,24,0
"TAMIL NADU","THIRUCHIRAPALLI",2012,22,36,8,42,39,49,0
"TAMIL NADU","VELLORE",2012,24,68,8,38,0,61,0
"TAMIL NADU","VILLUPURAM",2012,78,188,4,239,0,58,0
"TAMIL NADU","VIRUDHUNAGAR",2012,23,32,2,23,110,47,0
"TAMIL NADU","TOTAL",2012,737,1693,110,1494,382,1965,0
"TRIPURA","DHALAI",2012,35,8,5,30,0,56,0
"TRIPURA","GOMATI",2012,26,14,4,34,0,157,0
"TRIPURA","GRP",2012,0,0,0,0,0,0,0
"TRIPURA","KHOWAI",2012,10,3,3,22,0,36,0
"TRIPURA","NORTH TRIPURA",2012,29,10,3,48,2,101,0
"TRIPURA","SIPAHIJALA",2012,23,24,3,42,1,155,0
"TRIPURA","SOUTH TRIPURA",2012,30,16,5,46,0,89,0
"TRIPURA","UNAKOTI",2012,26,9,2,26,2,92,0
"TRIPURA","WEST TRIPURA",2012,50,30,12,66,2,172,0
"TRIPURA","TOTAL",2012,229,114,37,314,7,858,0
"UTTAR PRADESH","AGRA",2012,58,255,88,134,0,320,0
"UTTAR PRADESH","ALIGARH",2012,64,263,71,101,0,268,0
"UTTAR PRADESH","ALLAHABAD",2012,52,202,63,79,0,247,0
"UTTAR PRADESH","AMBEDKAR NAGAR",2012,12,61,9,10,0,75,0
"UTTAR PRADESH","AURAIYA",2012,13,87,18,27,0,40,0
"UTTAR PRADESH","AZAMGARH",2012,19,101,25,28,0,101,0
"UTTAR PRADESH","BADAUN",2012,24,101,47,48,0,65,0
"UTTAR PRADESH","BAGHPAT",2012,18,74,19,26,0,76,0
"UTTAR PRADESH","BAHRAICH",2012,27,111,38,28,0,4,0
"UTTAR PRADESH","BALLIA",2012,12,79,28,22,0,51,0
"UTTAR PRADESH","BALRAMPUR",2012,12,53,5,17,0,4,0
"UTTAR PRADESH","BANDA",2012,22,48,36,58,0,51,0
"UTTAR PRADESH","BARA BANKI",2012,31,120,31,39,0,114,0
"UTTAR PRADESH","BAREILLY",2012,86,249,61,112,0,88,0
"UTTAR PRADESH","BASTI",2012,7,55,21,17,0,69,0
"UTTAR PRADESH","BHIM NAGAR",2012,23,91,27,30,0,64,0
"UTTAR PRADESH","BIJNOR",2012,43,148,19,43,0,257,0
"UTTAR PRADESH","BULANDSHAHR",2012,46,164,48,63,2,304,0
"UTTAR PRADESH","CHANDAULI",2012,11,32,14,23,0,37,0
"UTTAR PRADESH","CHITRAKOOT",2012,31,27,22,35,0,23,0
"UTTAR PRADESH","CSM NAGAR",2012,26,92,12,52,0,56,0
"UTTAR PRADESH","DEORIA",2012,18,67,29,16,0,34,0
"UTTAR PRADESH","ETAH",2012,22,99,38,62,0,82,0
"UTTAR PRADESH","ETAWAH",2012,9,64,26,26,0,42,0
"UTTAR PRADESH","FAIZABAD",2012,29,133,18,32,0,7,0
"UTTAR PRADESH","FATEHGARH",2012,14,94,34,39,0,71,0
"UTTAR PRADESH","FATEHPUR",2012,35,106,41,65,0,56,0
"UTTAR PRADESH","FIROZABAD",2012,32,149,50,49,0,98,0
"UTTAR PRADESH","G.R.P.",2012,3,7,2,36,0,0,0
"UTTAR PRADESH","GAUTAM BUDDHA NAGAR",2012,19,115,17,50,0,142,0
"UTTAR PRADESH","GHAZIABAD",2012,31,220,41,60,0,277,0
"UTTAR PRADESH","GHAZIPUR",2012,9,53,32,16,0,60,0
"UTTAR PRADESH","GONDA",2012,23,103,37,40,0,5,0
"UTTAR PRADESH","GORAKHPUR",2012,52,207,53,56,0,180,0
"UTTAR PRADESH","HAMIRPUR",2012,25,40,17,37,0,28,0
"UTTAR PRADESH","HARDOI",2012,30,133,48,54,0,87,0
"UTTAR PRADESH","HATHRAS",2012,17,71,18,39,0,91,0
"UTTAR PRADESH","JYOTIBA PHULE NAGAR",2012,34,58,19,31,0,82,0
"UTTAR PRADESH","JALAUN",2012,15,57,40,32,0,47,0
"UTTAR PRADESH","JAUNPUR",2012,15,111,51,18,0,55,0
"UTTAR PRADESH","JHANSI",2012,19,63,33,34,0,53,0
"UTTAR PRADESH","KANNAUJ",2012,12,75,27,36,0,106,0
"UTTAR PRADESH","KANPUR",2012,55,281,56,110,0,317,0
"UTTAR PRADESH","KANSHIRAM NAGAR",2012,18,56,26,36,0,26,0
"UTTAR PRADESH","KAUSHAMBI",2012,11,49,20,31,0,46,0
"UTTAR PRADESH","KHIRI",2012,34,169,51,59,0,57,0
"UTTAR PRADESH","KUSHINAGAR",2012,30,94,28,22,0,28,0
"UTTAR PRADESH","LALITPUR",2012,14,22,7,27,0,13,0
"UTTAR PRADESH","LUCKNOW",2012,48,304,32,110,2,538,0
"UTTAR PRADESH","MAHARAJGANJ",2012,34,95,20,14,0,23,0
"UTTAR PRADESH","MAHOBA",2012,16,43,20,48,0,24,0
"UTTAR PRADESH","MAINPURI",2012,15,117,39,51,0,81,0
"UTTAR PRADESH","MATHURA",2012,41,124,34,75,0,235,0
"UTTAR PRADESH","MAU",2012,9,81,11,31,0,92,0
"UTTAR PRADESH","MEERUT",2012,54,231,39,129,0,435,0
"UTTAR PRADESH","MIRZAPUR",2012,4,6,24,3,0,29,0
"UTTAR PRADESH","MORADABAD",2012,36,140,28,72,3,255,0
"UTTAR PRADESH","MUZAFFARNAGAR",2012,27,177,16,38,0,225,0
"UTTAR PRADESH","PANCHSHIL NAGAR",2012,15,51,17,22,0,56,0
"UTTAR PRADESH","PILIBHIT",2012,10,62,25,15,0,79,0
"UTTAR PRADESH","PRABUDDH NAGAR",2012,7,62,12,14,0,55,0
"UTTAR PRADESH","PRATAPGARH",2012,36,109,24,53,0,72,0
"UTTAR PRADESH","RAE BARELI",2012,36,91,23,46,0,50,0
"UTTAR PRADESH","RAMABAI NAGAR",2012,18,74,28,32,0,77,0
"UTTAR PRADESH","RAMPUR",2012,26,95,12,32,0,138,0
"UTTAR PRADESH","SAHARANPUR",2012,18,91,27,17,1,113,0
"UTTAR PRADESH","SANT KABIR NAGAR",2012,18,49,12,5,0,10,0
"UTTAR PRADESH","SHAHJAHANPUR",2012,27,120,51,48,0,73,0
"UTTAR PRADESH","SHRAVASTI",2012,22,40,18,20,0,1,0
"UTTAR PRADESH","SIDDHARTH NAGAR",2012,22,47,8,13,0,35,0
"UTTAR PRADESH","SITAPUR",2012,49,224,45,94,0,125,0
"UTTAR PRADESH","SONBHADRA",2012,21,28,17,18,0,21,0
"UTTAR PRADESH","SANT RAVI DAS NAGAR",2012,4,18,7,6,0,13,0
"UTTAR PRADESH","SULTANPUR",2012,26,63,15,29,0,84,0
"UTTAR PRADESH","UNNAO",2012,41,174,44,81,0,141,0
"UTTAR PRADESH","VARANASI",2012,21,85,35,26,0,177,0
"UTTAR PRADESH","TOTAL",2012,1963,7910,2244,3247,8,7661,0
"UTTARAKHAND","ALMORA",2012,5,0,2,5,5,5,0
"UTTARAKHAND","BAGESHWAR",2012,8,1,4,5,0,2,0
"UTTARAKHAND","CHAMOLI",2012,2,2,1,4,0,0,0
"UTTARAKHAND","CHAMPAWAT",2012,3,0,1,4,0,0,0
"UTTARAKHAND","DEHRA DUN",2012,30,41,13,24,34,111,0
"UTTARAKHAND","HARIDWAR",2012,47,73,10,38,17,89,0
"UTTARAKHAND","NAINI TAL",2012,16,29,10,11,9,22,0
"UTTARAKHAND","PAURI GARHWAL",2012,2,10,2,1,3,2,0
"UTTARAKHAND","PITHORAGARH",2012,1,1,2,2,1,2,0
"UTTARAKHAND","RUDRA PRAYAG",2012,2,3,1,5,4,4,0
"UTTARAKHAND","TEHRI GARHWAL",2012,1,3,3,1,0,0,0
"UTTARAKHAND","UDHAM SINGH NAGAR",2012,30,91,22,38,0,128,0
"UTTARAKHAND","UTTARKASHI",2012,1,2,0,1,0,3,0
"UTTARAKHAND","TOTAL",2012,148,256,71,139,73,368,0
"WEST BENGAL","NORTH 24 PARGANAS",2012,118,338,74,196,1,1860,3
"WEST BENGAL","SOUTH 24 PARGANAS",2012,244,419,45,83,0,1666,0
"WEST BENGAL","ASANSOL",2012,36,49,15,31,4,240,0
"WEST BENGAL","BANKURA",2012,35,80,26,90,3,221,0
"WEST BENGAL","BDN CP",2012,13,0,9,58,8,320,0
"WEST BENGAL","BIRBHUM",2012,49,62,23,87,0,245,0
"WEST BENGAL","BKP CP",2012,36,201,20,88,2,989,0
"WEST BENGAL","BURDWAN",2012,58,65,55,145,0,224,0
"WEST BENGAL","COOCHBEHAR",2012,92,169,25,117,8,539,0
"WEST BENGAL","DAKSHIN DINAJPUR",2012,66,107,18,83,3,342,0
"WEST BENGAL","DARJILING",2012,10,39,2,52,4,106,0
"WEST BENGAL","HOOGHLY",2012,68,145,32,86,5,1195,0
"WEST BENGAL","HOWRAH",2012,56,120,16,99,31,883,0
"WEST BENGAL","HOWRAH CITY",2012,28,135,15,199,71,550,0
"WEST BENGAL","HOWRAH G.R.P.",2012,2,2,1,4,0,1,0
"WEST BENGAL","JALPAIGURI",2012,163,279,17,179,0,1625,0
"WEST BENGAL","JHARGRAM",2012,21,21,6,28,0,47,0
"WEST BENGAL","KHARAGPUR G.R.P.",2012,2,4,0,3,1,2,0
"WEST BENGAL","KOLKATA",2012,68,210,19,486,377,865,9
"WEST BENGAL","MALDAH",2012,158,189,7,177,0,660,0
"WEST BENGAL","MURSHIDABAD",2012,257,464,39,609,6,2831,0
"WEST BENGAL","NADIA",2012,174,374,46,56,11,1860,0
"WEST BENGAL","WEST MIDNAPUR",2012,64,115,26,99,1,823,0
"WEST BENGAL","EAST MIDNAPUR",2012,65,170,31,19,0,572,0
"WEST BENGAL","PURULIYA",2012,50,34,12,64,0,206,0
"WEST BENGAL","SEALDAH G.R.P.",2012,0,5,1,14,2,0,0
"WEST BENGAL","SILIGURI G.R.P.",2012,0,3,1,8,1,0,0
"WEST BENGAL","SILIGURI_PC",2012,21,111,3,35,12,370,0
"WEST BENGAL","UTTAR DINAJPUR",2012,92,258,9,150,5,623,0
"WEST BENGAL","TOTAL",2012,2046,4168,593,3345,556,19865,12
"A & N ISLANDS","ANDAMAN ISLANDS",2012,4,1,0,3,1,2,0
"A & N ISLANDS","NICOBAR ISLANDS",2012,8,6,2,14,3,3,0
"A & N ISLANDS","TOTAL",2012,12,7,2,17,4,5,0
"CHANDIGARH","CHANDIGARH",2012,27,66,5,45,25,73,0
"CHANDIGARH","TOTAL",2012,27,66,5,45,25,73,0
"D & N HAVELI","D and N HAVELI",2012,3,9,0,2,0,0,0
"D & N HAVELI","TOTAL",2012,3,9,0,2,0,0,0
"DAMAN & DIU","DAMAN",2012,5,0,0,0,0,1,0
"DAMAN & DIU","DIU",2012,0,0,0,0,0,2,0
"DAMAN & DIU","TOTAL",2012,5,0,0,0,0,3,0
"DELHI","CAW",2012,0,0,0,0,0,178,0
"DELHI","CENTRAL",2012,31,95,4,47,12,57,0
"DELHI","CRIME BRANCH",2012,1,1,0,0,0,0,0
"DELHI","DELHI",2012,706,2160,134,727,208,1985,0
"DELHI","EAST",2012,90,251,7,96,26,202,0
"DELHI","EOW",2012,0,0,0,0,0,0,0
"DELHI","GRP(RLY)",2012,4,12,1,12,6,0,0
"DELHI","IGI AIRPORT",2012,0,0,0,6,0,0,0
"DELHI","NEW DELHI",2012,5,13,0,29,7,4,0
"DELHI","NORTH",2012,14,84,6,29,10,70,0
"DELHI","NORTH-EAST",2012,78,263,25,69,9,293,0
"DELHI","NORTH-WEST",2012,64,184,12,19,14,212,0
"DELHI","OUTER",2012,67,317,15,79,18,244,0
"DELHI","SOUTH",2012,70,134,17,59,36,68,0
"DELHI","SOUTH-EAST",2012,116,306,11,160,43,123,0
"DELHI","SOUTH-WEST",2012,87,244,18,69,21,207,0
"DELHI","STF",2012,0,0,0,0,0,0,0
"DELHI","WEST",2012,79,256,18,53,6,327,0
"LAKSHADWEEP","LAKSHADWEEP",2012,0,0,0,1,0,1,0
"LAKSHADWEEP","TOTAL",2012,0,0,0,1,0,1,0
"PUDUCHERRY","KARAIKAL",2012,6,2,0,2,0,1,0
"PUDUCHERRY","PUDUCHERRY",2012,7,14,0,7,2,5,0
"PUDUCHERRY","TOTAL",2012,13,16,0,9,2,6,0
